<?xml-stylesheet type='text/xsl' href='./CodelistDictionary-v32.xsl'?><Dictionary xmlns="http://www.opengis.net/gml/3.2" xmlns:gml="http://www.opengis.net/gml/3.2" xmlns:xsi="http://www.w3.org/2001/XMLSchema-instance" gml:id="ClasseTemperatureValue" xsi:schemaLocation="http://www.opengis.net/gml/3.2 null">
  <identifier codeSpace="http://cnig.gouv.fr/star-dt/core">ClasseTemperatureValue</identifier>
  <dictionaryEntry>
    <Definition gml:id="_6118_9174">
      <identifier codeSpace="http://cnig.gouv.fr/star-dt/core/ClasseTemperatureValue">inf110</identifier>
    </Definition>
  </dictionaryEntry>
  <dictionaryEntry>
    <Definition gml:id="_6118_9175">
      <identifier codeSpace="http://cnig.gouv.fr/star-dt/core/ClasseTemperatureValue">110a180</identifier>
    </Definition>
  </dictionaryEntry>
  <dictionaryEntry>
    <Definition gml:id="_6118_9176">
      <identifier codeSpace="http://cnig.gouv.fr/star-dt/core/ClasseTemperatureValue">plus180</identifier>
    </Definition>
  </dictionaryEntry>
</Dictionary>
