<?xml-stylesheet type='text/xsl' href='./CodelistDictionary-v32.xsl'?><Dictionary xmlns="http://www.opengis.net/gml/3.2" xmlns:gml="http://www.opengis.net/gml/3.2" xmlns:xsi="http://www.w3.org/2001/XMLSchema-instance" gml:id="ClassePrecisionReseau" xsi:schemaLocation="http://www.opengis.net/gml/3.2 null">
  <identifier codeSpace="http://cnig.gouv.fr/star-dt/core">ClassePrecisionReseau</identifier>
  <dictionaryEntry>
    <Definition gml:id="_5865_9137">
      <identifier codeSpace="http://cnig.gouv.fr/star-dt/core/ClassePrecisionReseau">A</identifier>
    </Definition>
  </dictionaryEntry>
  <dictionaryEntry>
    <Definition gml:id="_5865_9138">
      <identifier codeSpace="http://cnig.gouv.fr/star-dt/core/ClassePrecisionReseau">B</identifier>
    </Definition>
  </dictionaryEntry>
  <dictionaryEntry>
    <Definition gml:id="_5865_9139">
      <identifier codeSpace="http://cnig.gouv.fr/star-dt/core/ClassePrecisionReseau">C</identifier>
    </Definition>
  </dictionaryEntry>
</Dictionary>
