<?xml-stylesheet type='text/xsl' href='./CodelistDictionary-v32.xsl'?><Dictionary xmlns="http://www.opengis.net/gml/3.2" xmlns:gml="http://www.opengis.net/gml/3.2" xmlns:xsi="http://www.w3.org/2001/XMLSchema-instance" gml:id="ConditionOfFacilityValue" xsi:schemaLocation="http://www.opengis.net/gml/3.2 null">
  <description>The status of a facility with regards to its completion and use.</description>
  <identifier codeSpace="http://cnig.gouv.fr/star-dt/inspire-imports">ConditionOfFacilityValue</identifier>
  <dictionaryEntry>
    <Definition gml:id="_5709_8749">
      <description>The facility is no longer used, but is not being or has not been decommissioned.</description>
      <identifier codeSpace="http://cnig.gouv.fr/star-dt/inspire-imports/ConditionOfFacilityValue">disused</identifier>
      <name>disused</name>
    </Definition>
  </dictionaryEntry>
  <dictionaryEntry>
    <Definition gml:id="_5709_8750">
      <description>The facility is functional.</description>
      <identifier codeSpace="http://cnig.gouv.fr/star-dt/inspire-imports/ConditionOfFacilityValue">functional</identifier>
      <name>functional</name>
    </Definition>
  </dictionaryEntry>
  <dictionaryEntry>
    <Definition gml:id="_5709_8751">
      <description>The facility is being designed. Construction has not yet started.</description>
      <identifier codeSpace="http://cnig.gouv.fr/star-dt/inspire-imports/ConditionOfFacilityValue">projected</identifier>
      <name>projected</name>
    </Definition>
  </dictionaryEntry>
  <dictionaryEntry>
    <Definition gml:id="_5709_8752">
      <description>The facility is under construction and not yet functional. This applies only to the initial construction of the facility and not to maintenance work.</description>
      <identifier codeSpace="http://cnig.gouv.fr/star-dt/inspire-imports/ConditionOfFacilityValue">underConstruction</identifier>
      <name>under construction</name>
    </Definition>
  </dictionaryEntry>
  <dictionaryEntry>
    <Definition gml:id="_5709_8753">
      <description>The facility is no longer used and is being or has been decommissioned.</description>
      <identifier codeSpace="http://cnig.gouv.fr/star-dt/inspire-imports/ConditionOfFacilityValue">decommissioned</identifier>
      <name>decommissioned</name>
    </Definition>
  </dictionaryEntry>
</Dictionary>
