<?xml-stylesheet type='text/xsl' href='./CodelistDictionary-v32.xsl'?><Dictionary xmlns="http://www.opengis.net/gml/3.2" xmlns:gml="http://www.opengis.net/gml/3.2" xmlns:xsi="http://www.w3.org/2001/XMLSchema-instance" gml:id="ElectricityAppurtenanceTypeValue" xsi:schemaLocation="http://www.opengis.net/gml/3.2 null">
  <description>Classification of electricity appurtenances.</description>
  <identifier codeSpace="http://cnig.gouv.fr/star-dt/inspire-imports">ElectricityAppurtenanceTypeValue</identifier>
  <name>electricity appurtenance type</name>
  <dictionaryEntry>
    <Definition gml:id="_5687_8653">
      <description>Capacitor control.</description>
      <identifier codeSpace="http://cnig.gouv.fr/star-dt/inspire-imports/ElectricityAppurtenanceTypeValue">capacitorControl</identifier>
    </Definition>
  </dictionaryEntry>
  <dictionaryEntry>
    <Definition gml:id="_5687_8654">
      <description>Connection box.</description>
      <identifier codeSpace="http://cnig.gouv.fr/star-dt/inspire-imports/ElectricityAppurtenanceTypeValue">connectionBox</identifier>
    </Definition>
  </dictionaryEntry>
  <dictionaryEntry>
    <Definition gml:id="_5687_8655">
      <description>Power factor correcting equipment.</description>
      <identifier codeSpace="http://cnig.gouv.fr/star-dt/inspire-imports/ElectricityAppurtenanceTypeValue">correctingEquipment</identifier>
    </Definition>
  </dictionaryEntry>
  <dictionaryEntry>
    <Definition gml:id="_5687_8656">
      <description>Delivery point.</description>
      <identifier codeSpace="http://cnig.gouv.fr/star-dt/inspire-imports/ElectricityAppurtenanceTypeValue">deliveryPoint</identifier>
    </Definition>
  </dictionaryEntry>
  <dictionaryEntry>
    <Definition gml:id="_5687_8657">
      <description>Dynamic protective device.</description>
      <identifier codeSpace="http://cnig.gouv.fr/star-dt/inspire-imports/ElectricityAppurtenanceTypeValue">dynamicProtectiveDevice</identifier>
    </Definition>
  </dictionaryEntry>
  <dictionaryEntry>
    <Definition gml:id="_5687_8658">
      <description>Fuse.</description>
      <identifier codeSpace="http://cnig.gouv.fr/star-dt/inspire-imports/ElectricityAppurtenanceTypeValue">fuse</identifier>
    </Definition>
  </dictionaryEntry>
  <dictionaryEntry>
    <Definition gml:id="_5687_8659">
      <description>Generator.</description>
      <identifier codeSpace="http://cnig.gouv.fr/star-dt/inspire-imports/ElectricityAppurtenanceTypeValue">generator</identifier>
    </Definition>
  </dictionaryEntry>
  <dictionaryEntry>
    <Definition gml:id="_5687_8660">
      <description>Load tap changer.</description>
      <identifier codeSpace="http://cnig.gouv.fr/star-dt/inspire-imports/ElectricityAppurtenanceTypeValue">loadTapChanger</identifier>
    </Definition>
  </dictionaryEntry>
  <dictionaryEntry>
    <Definition gml:id="_5687_8661">
      <description>Main station.</description>
      <identifier codeSpace="http://cnig.gouv.fr/star-dt/inspire-imports/ElectricityAppurtenanceTypeValue">mainStation</identifier>
    </Definition>
  </dictionaryEntry>
  <dictionaryEntry>
    <Definition gml:id="_5687_8662">
      <description>Net station.</description>
      <identifier codeSpace="http://cnig.gouv.fr/star-dt/inspire-imports/ElectricityAppurtenanceTypeValue">netStation</identifier>
    </Definition>
  </dictionaryEntry>
  <dictionaryEntry>
    <Definition gml:id="_5687_8663">
      <description>Network protector.</description>
      <identifier codeSpace="http://cnig.gouv.fr/star-dt/inspire-imports/ElectricityAppurtenanceTypeValue">networkProtector</identifier>
    </Definition>
  </dictionaryEntry>
  <dictionaryEntry>
    <Definition gml:id="_5687_8664">
      <description>Open point.</description>
      <identifier codeSpace="http://cnig.gouv.fr/star-dt/inspire-imports/ElectricityAppurtenanceTypeValue">openPoint</identifier>
    </Definition>
  </dictionaryEntry>
  <dictionaryEntry>
    <Definition gml:id="_5687_8665">
      <description>Primary meter.</description>
      <identifier codeSpace="http://cnig.gouv.fr/star-dt/inspire-imports/ElectricityAppurtenanceTypeValue">primaryMeter</identifier>
    </Definition>
  </dictionaryEntry>
  <dictionaryEntry>
    <Definition gml:id="_5687_8666">
      <description>Recloser electronic control.</description>
      <identifier codeSpace="http://cnig.gouv.fr/star-dt/inspire-imports/ElectricityAppurtenanceTypeValue">recloserElectronicControl</identifier>
    </Definition>
  </dictionaryEntry>
  <dictionaryEntry>
    <Definition gml:id="_5687_8667">
      <description>Recloser hydraulic control.</description>
      <identifier codeSpace="http://cnig.gouv.fr/star-dt/inspire-imports/ElectricityAppurtenanceTypeValue">recloserHydraulicControl</identifier>
    </Definition>
  </dictionaryEntry>
  <dictionaryEntry>
    <Definition gml:id="_5687_8668">
      <description>Regulator control.</description>
      <identifier codeSpace="http://cnig.gouv.fr/star-dt/inspire-imports/ElectricityAppurtenanceTypeValue">regulatorControl</identifier>
    </Definition>
  </dictionaryEntry>
  <dictionaryEntry>
    <Definition gml:id="_5687_8669">
      <description>Relay control.</description>
      <identifier codeSpace="http://cnig.gouv.fr/star-dt/inspire-imports/ElectricityAppurtenanceTypeValue">relayControl</identifier>
    </Definition>
  </dictionaryEntry>
  <dictionaryEntry>
    <Definition gml:id="_5687_8670">
      <description>Sectionalizer electronic control.</description>
      <identifier codeSpace="http://cnig.gouv.fr/star-dt/inspire-imports/ElectricityAppurtenanceTypeValue">sectionalizerElectronicControl</identifier>
    </Definition>
  </dictionaryEntry>
  <dictionaryEntry>
    <Definition gml:id="_5687_8671">
      <description>Sectionalizer hydraulic control.</description>
      <identifier codeSpace="http://cnig.gouv.fr/star-dt/inspire-imports/ElectricityAppurtenanceTypeValue">sectionalizerHydraulicControl</identifier>
    </Definition>
  </dictionaryEntry>
  <dictionaryEntry>
    <Definition gml:id="_5687_8672">
      <description>Street light.</description>
      <identifier codeSpace="http://cnig.gouv.fr/star-dt/inspire-imports/ElectricityAppurtenanceTypeValue">streetLight</identifier>
    </Definition>
  </dictionaryEntry>
  <dictionaryEntry>
    <Definition gml:id="_5687_8673">
      <description>Sub station.</description>
      <identifier codeSpace="http://cnig.gouv.fr/star-dt/inspire-imports/ElectricityAppurtenanceTypeValue">subStation</identifier>
    </Definition>
  </dictionaryEntry>
  <dictionaryEntry>
    <Definition gml:id="_5687_8674">
      <description>Switch.</description>
      <identifier codeSpace="http://cnig.gouv.fr/star-dt/inspire-imports/ElectricityAppurtenanceTypeValue">switch</identifier>
    </Definition>
  </dictionaryEntry>
  <dictionaryEntry>
    <Definition gml:id="_5687_8675">
      <description>Transformer.</description>
      <identifier codeSpace="http://cnig.gouv.fr/star-dt/inspire-imports/ElectricityAppurtenanceTypeValue">transformer</identifier>
    </Definition>
  </dictionaryEntry>
  <dictionaryEntry>
    <Definition gml:id="_5687_8676">
      <description>Voltage regulator.</description>
      <identifier codeSpace="http://cnig.gouv.fr/star-dt/inspire-imports/ElectricityAppurtenanceTypeValue">voltageRegulator</identifier>
    </Definition>
  </dictionaryEntry>
  <dictionaryEntry>
    <Definition gml:id="_5687_8677">
      <identifier codeSpace="http://cnig.gouv.fr/star-dt/inspire-imports/ElectricityAppurtenanceTypeValue">detectionEquipment</identifier>
    </Definition>
  </dictionaryEntry>
  <dictionaryEntry>
    <Definition gml:id="_5687_8678">
      <identifier codeSpace="http://cnig.gouv.fr/star-dt/inspire-imports/ElectricityAppurtenanceTypeValue">pointSettingMachine</identifier>
    </Definition>
  </dictionaryEntry>
  <dictionaryEntry>
    <Definition gml:id="_5687_8679">
      <identifier codeSpace="http://cnig.gouv.fr/star-dt/inspire-imports/ElectricityAppurtenanceTypeValue">monitoringAndControlEquipment</identifier>
    </Definition>
  </dictionaryEntry>
  <dictionaryEntry>
    <Definition gml:id="_5687_8680">
      <identifier codeSpace="http://cnig.gouv.fr/star-dt/inspire-imports/ElectricityAppurtenanceTypeValue">anode</identifier>
    </Definition>
  </dictionaryEntry>
</Dictionary>
