<?xml-stylesheet type='text/xsl' href='./CodelistDictionary-v32.xsl'?><Dictionary xmlns="http://www.opengis.net/gml/3.2" xmlns:gml="http://www.opengis.net/gml/3.2" xmlns:xsi="http://www.w3.org/2001/XMLSchema-instance" gml:id="OilGasChemicalsAppurtenanceTypeValue" xsi:schemaLocation="http://www.opengis.net/gml/3.2 null">
  <description>Classification of oil, gas, chemicals appurtenances.</description>
  <identifier codeSpace="http://cnig.gouv.fr/star-dt/inspire-imports">OilGasChemicalsAppurtenanceTypeValue</identifier>
  <name>oil, gas and chemicals appurtenance type</name>
  <dictionaryEntry>
    <Definition gml:id="_5839_9034">
      <identifier codeSpace="http://cnig.gouv.fr/star-dt/inspire-imports/OilGasChemicalsAppurtenanceTypeValue">pump</identifier>
    </Definition>
  </dictionaryEntry>
  <dictionaryEntry>
    <Definition gml:id="_5839_9035">
      <identifier codeSpace="http://cnig.gouv.fr/star-dt/inspire-imports/OilGasChemicalsAppurtenanceTypeValue">gasStation</identifier>
    </Definition>
  </dictionaryEntry>
  <dictionaryEntry>
    <Definition gml:id="_5839_9036">
      <identifier codeSpace="http://cnig.gouv.fr/star-dt/inspire-imports/OilGasChemicalsAppurtenanceTypeValue">node</identifier>
    </Definition>
  </dictionaryEntry>
  <dictionaryEntry>
    <Definition gml:id="_5839_9037">
      <identifier codeSpace="http://cnig.gouv.fr/star-dt/inspire-imports/OilGasChemicalsAppurtenanceTypeValue">compression</identifier>
    </Definition>
  </dictionaryEntry>
  <dictionaryEntry>
    <Definition gml:id="_5839_9038">
      <identifier codeSpace="http://cnig.gouv.fr/star-dt/inspire-imports/OilGasChemicalsAppurtenanceTypeValue">terminal</identifier>
    </Definition>
  </dictionaryEntry>
  <dictionaryEntry>
    <Definition gml:id="_5839_9039">
      <identifier codeSpace="http://cnig.gouv.fr/star-dt/inspire-imports/OilGasChemicalsAppurtenanceTypeValue">deliveryPoint</identifier>
    </Definition>
  </dictionaryEntry>
  <dictionaryEntry>
    <Definition gml:id="_5839_9040">
      <identifier codeSpace="http://cnig.gouv.fr/star-dt/inspire-imports/OilGasChemicalsAppurtenanceTypeValue">frontier</identifier>
    </Definition>
  </dictionaryEntry>
  <dictionaryEntry>
    <Definition gml:id="_5839_9041">
      <identifier codeSpace="http://cnig.gouv.fr/star-dt/inspire-imports/OilGasChemicalsAppurtenanceTypeValue">marker</identifier>
    </Definition>
  </dictionaryEntry>
  <dictionaryEntry>
    <Definition gml:id="_5839_9042">
      <identifier codeSpace="http://cnig.gouv.fr/star-dt/inspire-imports/OilGasChemicalsAppurtenanceTypeValue">beacon</identifier>
    </Definition>
  </dictionaryEntry>
</Dictionary>
