<?xml-stylesheet type='text/xsl' href='./CodelistDictionary-v32.xsl'?><Dictionary xmlns="http://www.opengis.net/gml/3.2" xmlns:gml="http://www.opengis.net/gml/3.2" xmlns:xsi="http://www.w3.org/2001/XMLSchema-instance" gml:id="PositionLabelValue" xsi:schemaLocation="http://www.opengis.net/gml/3.2 null">
  <description>Aangrijpingspunt van het label in relatie tot het plaatsingspunt.</description>
  <identifier codeSpace="http://cnig.gouv.fr/star-dt/core">PositionLabelValue</identifier>
  <dictionaryEntry>
    <Definition gml:id="_6076_9154">
      <description>Label aangrijpingspunt horizontaal  is links;&#13;
label aangrijpingspunt verticaal  is onder.</description>
      <identifier codeSpace="http://cnig.gouv.fr/star-dt/core/PositionLabelValue">0</identifier>
    </Definition>
  </dictionaryEntry>
  <dictionaryEntry>
    <Definition gml:id="_6076_9155">
      <description>Label aangrijpingspunt horizontaal  is midden;&#13;
label aangrijpingspunt verticaal  is midden.</description>
      <identifier codeSpace="http://cnig.gouv.fr/star-dt/core/PositionLabelValue">0.5</identifier>
    </Definition>
  </dictionaryEntry>
  <dictionaryEntry>
    <Definition gml:id="_6076_9156">
      <description>Label aangrijpingspunt horizontaal  is rechts;&#13;
label aangrijpingspunt verticaal  is boven.</description>
      <identifier codeSpace="http://cnig.gouv.fr/star-dt/core/PositionLabelValue">1</identifier>
    </Definition>
  </dictionaryEntry>
</Dictionary>
