<?xml version="1.0" encoding="UTF-8"?><?xml-stylesheet type='text/xsl' href='./CodelistDictionary-v32.xsl'?><Dictionary xmlns="http://www.opengis.net/gml/3.2" xmlns:gml="http://www.opengis.net/gml/3.2" xmlns:xsi="http://www.w3.org/2001/XMLSchema-instance" gml:id="PrecisionXYvalue" xsi:schemaLocation="http://www.opengis.net/gml/3.2 null">
  <description>Codelijst met geografische nauwkeurigheid in het horizontale vlak.</description>
  <identifier codeSpace="http://cnig.gouv.fr/star-dt/core">PrecisionXYvalue</identifier>
  <dictionaryEntry>
    <Definition gml:id="_5664_8598">
      <description>Nauwkeurigheidsgraad tot op 30 cm.</description>
      <identifier codeSpace="http://cnig.gouv.fr/star-dt/core/PrecisionXYvalue">a30cm</identifier>
    </Definition>
  </dictionaryEntry>
  <dictionaryEntry>
    <Definition gml:id="_5664_8599">
      <description>Nauwkeurigheidsgraad tot op 50 cm.</description>
      <identifier codeSpace="http://cnig.gouv.fr/star-dt/core/PrecisionXYvalue">a50cm</identifier>
    </Definition>
  </dictionaryEntry>
</Dictionary>
