<?xml-stylesheet type='text/xsl' href='./CodelistDictionary-v32.xsl'?><Dictionary xmlns="http://www.opengis.net/gml/3.2" xmlns:gml="http://www.opengis.net/gml/3.2" xmlns:xsi="http://www.w3.org/2001/XMLSchema-instance" gml:id="SewerWaterTypeValue" xsi:schemaLocation="http://www.opengis.net/gml/3.2 null">
  <description>Classification of sewer water types.</description>
  <identifier codeSpace="http://cnig.gouv.fr/star-dt/inspire-imports">SewerWaterTypeValue</identifier>
  <name>sewer water type</name>
  <dictionaryEntry>
    <Definition gml:id="_6123_9181">
      <description>Combined wastewater.</description>
      <identifier codeSpace="http://cnig.gouv.fr/star-dt/inspire-imports/SewerWaterTypeValue">combined</identifier>
    </Definition>
  </dictionaryEntry>
  <dictionaryEntry>
    <Definition gml:id="_6123_9182">
      <description>Reclaimed water.</description>
      <identifier codeSpace="http://cnig.gouv.fr/star-dt/inspire-imports/SewerWaterTypeValue">reclaimed</identifier>
    </Definition>
  </dictionaryEntry>
  <dictionaryEntry>
    <Definition gml:id="_6123_9183">
      <description>Sanitary wastewater.</description>
      <identifier codeSpace="http://cnig.gouv.fr/star-dt/inspire-imports/SewerWaterTypeValue">sanitary</identifier>
    </Definition>
  </dictionaryEntry>
  <dictionaryEntry>
    <Definition gml:id="_6123_9184">
      <description>Storm runoff wastewater.</description>
      <identifier codeSpace="http://cnig.gouv.fr/star-dt/inspire-imports/SewerWaterTypeValue">storm</identifier>
    </Definition>
  </dictionaryEntry>
</Dictionary>
