<?xml-stylesheet type='text/xsl' href='./CodelistDictionary-v32.xsl'?><Dictionary xmlns="http://www.opengis.net/gml/3.2" xmlns:gml="http://www.opengis.net/gml/3.2" xmlns:xsi="http://www.w3.org/2001/XMLSchema-instance" gml:id="TypeDepartValue" xsi:schemaLocation="http://www.opengis.net/gml/3.2 null">
  <identifier codeSpace="http://cnig.gouv.fr/star-dt/core">TypeDepartValue</identifier>
  <dictionaryEntry>
    <Definition gml:id="_6203_9192">
      <identifier codeSpace="http://cnig.gouv.fr/star-dt/core/TypeDepartValue">PriseEnCharge</identifier>
    </Definition>
  </dictionaryEntry>
  <dictionaryEntry>
    <Definition gml:id="_6203_9193">
      <identifier codeSpace="http://cnig.gouv.fr/star-dt/core/TypeDepartValue">DepartVanne</identifier>
    </Definition>
  </dictionaryEntry>
</Dictionary>
