<?xml-stylesheet type='text/xsl' href='./CodelistDictionary-v32.xsl'?><Dictionary xmlns="http://www.opengis.net/gml/3.2" xmlns:gml="http://www.opengis.net/gml/3.2" xmlns:xsi="http://www.w3.org/2001/XMLSchema-instance" gml:id="TypeAssainissementValue" xsi:schemaLocation="http://www.opengis.net/gml/3.2 null">
  <description>Classification of sewer water types.</description>
  <identifier codeSpace="http://cnig.gouv.fr/star-dt/core">TypeAssainissementValue</identifier>
  <name>sewer water type</name>
  <dictionaryEntry>
    <Definition gml:id="_5848_9097">
      <description>Combined wastewater.</description>
      <identifier codeSpace="http://cnig.gouv.fr/star-dt/core/TypeAssainissementValue">combined</identifier>
    </Definition>
  </dictionaryEntry>
  <dictionaryEntry>
    <Definition gml:id="_5848_9098">
      <description>Reclaimed water.</description>
      <identifier codeSpace="http://cnig.gouv.fr/star-dt/core/TypeAssainissementValue">reclaimed</identifier>
    </Definition>
  </dictionaryEntry>
  <dictionaryEntry>
    <Definition gml:id="_5848_9099">
      <description>Sanitary wastewater.</description>
      <identifier codeSpace="http://cnig.gouv.fr/star-dt/core/TypeAssainissementValue">sanitary</identifier>
    </Definition>
  </dictionaryEntry>
  <dictionaryEntry>
    <Definition gml:id="_5848_9100">
      <description>Storm runoff wastewater.</description>
      <identifier codeSpace="http://cnig.gouv.fr/star-dt/core/TypeAssainissementValue">storm</identifier>
    </Definition>
  </dictionaryEntry>
</Dictionary>
