<?xml-stylesheet type='text/xsl' href='./CodelistDictionary-v32.xsl'?><Dictionary xmlns="http://www.opengis.net/gml/3.2" xmlns:gml="http://www.opengis.net/gml/3.2" xmlns:xsi="http://www.w3.org/2001/XMLSchema-instance" gml:id="TypeInfoSupplementaireValue" xsi:schemaLocation="http://www.opengis.net/gml/3.2 null">
  <description>Verschillende vormen van extra detailinformatie die opgenomen worden bij een utiliteitsnet.</description>
  <identifier codeSpace="http://cnig.gouv.fr/star-dt/core">TypeInfoSupplementaireValue</identifier>
  <dictionaryEntry>
    <Definition gml:id="_5667_9135">
      <description>Dwars- en of lengteprofiel.</description>
      <identifier codeSpace="http://cnig.gouv.fr/star-dt/core/TypeInfoSupplementaireValue">coupeTranchée</identifier>
    </Definition>
  </dictionaryEntry>
  <dictionaryEntry>
    <Definition gml:id="_5667_8608">
      <description>Dwars- en of lengteprofiel.</description>
      <identifier codeSpace="http://cnig.gouv.fr/star-dt/core/TypeInfoSupplementaireValue">croquisProfil</identifier>
    </Definition>
  </dictionaryEntry>
  <dictionaryEntry>
    <Definition gml:id="_5667_8609">
      <description>Een type detail dat niet met de andere waarden is benoemd.</description>
      <identifier codeSpace="http://cnig.gouv.fr/star-dt/core/TypeInfoSupplementaireValue">autre</identifier>
    </Definition>
  </dictionaryEntry>
  <dictionaryEntry>
    <Definition gml:id="_5667_9136">
      <description>Dwars- en of lengteprofiel.</description>
      <identifier codeSpace="http://cnig.gouv.fr/star-dt/core/TypeInfoSupplementaireValue">encartDétail</identifier>
    </Definition>
  </dictionaryEntry>
</Dictionary>
