<?xml-stylesheet type='text/xsl' href='./CodelistDictionary-v32.xsl'?><Dictionary xmlns="http://www.opengis.net/gml/3.2" xmlns:gml="http://www.opengis.net/gml/3.2" xmlns:xsi="http://www.w3.org/2001/XMLSchema-instance" gml:id="TypeCoteValue" xsi:schemaLocation="http://www.opengis.net/gml/3.2 null">
  <identifier codeSpace="http://cnig.gouv.fr/star-dt/core">TypeCoteValue</identifier>
  <dictionaryEntry>
    <Definition gml:id="_5737_8826">
      <identifier codeSpace="http://cnig.gouv.fr/star-dt/core/TypeCoteValue">ligne</identifier>
    </Definition>
  </dictionaryEntry>
  <dictionaryEntry>
    <Definition gml:id="_5737_8827">
      <identifier codeSpace="http://cnig.gouv.fr/star-dt/core/TypeCoteValue">etiquette</identifier>
    </Definition>
  </dictionaryEntry>
  <dictionaryEntry>
    <Definition gml:id="_5737_8828">
      <identifier codeSpace="http://cnig.gouv.fr/star-dt/core/TypeCoteValue">fleche</identifier>
    </Definition>
  </dictionaryEntry>
</Dictionary>
