<?xml-stylesheet type='text/xsl' href='./CodelistDictionary-v32.xsl'?><Dictionary xmlns="http://www.opengis.net/gml/3.2" xmlns:gml="http://www.opengis.net/gml/3.2" xmlns:xsi="http://www.w3.org/2001/XMLSchema-instance" gml:id="TypeFichierValue" xsi:schemaLocation="http://www.opengis.net/gml/3.2 null">
  <identifier codeSpace="http://cnig.gouv.fr/star-dt/core">TypeFichierValue</identifier>
  <dictionaryEntry>
    <Definition gml:id="_5735_8816">
      <identifier codeSpace="http://cnig.gouv.fr/star-dt/core/TypeFichierValue">PNG</identifier>
    </Definition>
  </dictionaryEntry>
  <dictionaryEntry>
    <Definition gml:id="_5735_9143">
      <identifier codeSpace="http://cnig.gouv.fr/star-dt/core/TypeFichierValue">DXF</identifier>
    </Definition>
  </dictionaryEntry>
  <dictionaryEntry>
    <Definition gml:id="_5735_9144">
      <identifier codeSpace="http://cnig.gouv.fr/star-dt/core/TypeFichierValue">DWG</identifier>
    </Definition>
  </dictionaryEntry>
  <dictionaryEntry>
    <Definition gml:id="_5735_9145">
      <identifier codeSpace="http://cnig.gouv.fr/star-dt/core/TypeFichierValue">DGM</identifier>
    </Definition>
  </dictionaryEntry>
  <dictionaryEntry>
    <Definition gml:id="_5735_8817">
      <identifier codeSpace="http://cnig.gouv.fr/star-dt/core/TypeFichierValue">PDF</identifier>
    </Definition>
  </dictionaryEntry>
  <dictionaryEntry>
    <Definition gml:id="_5735_8818">
      <identifier codeSpace="http://cnig.gouv.fr/star-dt/core/TypeFichierValue">JPEG</identifier>
    </Definition>
  </dictionaryEntry>
  <dictionaryEntry>
    <Definition gml:id="_5735_8819">
      <identifier codeSpace="http://cnig.gouv.fr/star-dt/core/TypeFichierValue">TIFF</identifier>
    </Definition>
  </dictionaryEntry>
</Dictionary>
