<?xml-stylesheet type='text/xsl' href='./CodelistDictionary-v32.xsl'?><Dictionary xmlns="http://www.opengis.net/gml/3.2" xmlns:gml="http://www.opengis.net/gml/3.2" xmlns:xsi="http://www.w3.org/2001/XMLSchema-instance" gml:id="UtilityDeliveryTypeValue" xsi:schemaLocation="http://www.opengis.net/gml/3.2 null">
  <description>Classification of utility delivery types.</description>
  <identifier codeSpace="http://cnig.gouv.fr/star-dt/inspire-imports">UtilityDeliveryTypeValue</identifier>
  <name>utility delivery type</name>
  <dictionaryEntry>
    <Definition gml:id="_5685_8649">
      <identifier codeSpace="http://cnig.gouv.fr/star-dt/inspire-imports/UtilityDeliveryTypeValue">collection</identifier>
    </Definition>
  </dictionaryEntry>
  <dictionaryEntry>
    <Definition gml:id="_5685_8650">
      <identifier codeSpace="http://cnig.gouv.fr/star-dt/inspire-imports/UtilityDeliveryTypeValue">distribution</identifier>
    </Definition>
  </dictionaryEntry>
  <dictionaryEntry>
    <Definition gml:id="_5685_8651">
      <identifier codeSpace="http://cnig.gouv.fr/star-dt/inspire-imports/UtilityDeliveryTypeValue">private</identifier>
    </Definition>
  </dictionaryEntry>
  <dictionaryEntry>
    <Definition gml:id="_5685_8652">
      <identifier codeSpace="http://cnig.gouv.fr/star-dt/inspire-imports/UtilityDeliveryTypeValue">transport</identifier>
    </Definition>
  </dictionaryEntry>
</Dictionary>
