<?xml-stylesheet type='text/xsl' href='./CodelistDictionary-v32.xsl'?><Dictionary xmlns="http://www.opengis.net/gml/3.2" xmlns:gml="http://www.opengis.net/gml/3.2" xmlns:xsi="http://www.w3.org/2001/XMLSchema-instance" gml:id="VerticalPositionValue" xsi:schemaLocation="http://www.opengis.net/gml/3.2 null">
  <description>The relative vertical position of a spatial object.</description>
  <identifier codeSpace="http://cnig.gouv.fr/star-dt/inspire-imports">VerticalPositionValue</identifier>
  <dictionaryEntry>
    <Definition gml:id="_5746_8836">
      <description>L'objet géographique est au niveau de la surface de la Terre.</description>
      <identifier codeSpace="http://cnig.gouv.fr/star-dt/inspire-imports/VerticalPositionValue">onGroundSurface</identifier>
    </Definition>
  </dictionaryEntry>
  <dictionaryEntry>
    <Definition gml:id="_5746_8837">
      <description>The spatial object is suspended or elevated.</description>
      <identifier codeSpace="http://cnig.gouv.fr/star-dt/inspire-imports/VerticalPositionValue">suspendedOrElevated</identifier>
    </Definition>
  </dictionaryEntry>
  <dictionaryEntry>
    <Definition gml:id="_5746_8838">
      <description>The spatial object is underground.</description>
      <identifier codeSpace="http://cnig.gouv.fr/star-dt/inspire-imports/VerticalPositionValue">underground</identifier>
    </Definition>
  </dictionaryEntry>
</Dictionary>
