<?xml version="1.0" encoding="UTF-8"?><?xml-stylesheet type='text/xsl' href='./CodelistDictionary-v32.xsl'?><Dictionary xmlns="http://www.opengis.net/gml/3.2" xmlns:gml="http://www.opengis.net/gml/3.2" xmlns:xsi="http://www.w3.org/2001/XMLSchema-instance" gml:id="WarningTypeValue" xsi:schemaLocation="http://www.opengis.net/gml/3.2 null">
  <description>Classification of warning types.</description>
  <identifier codeSpace="http://cnig.gouv.fr/star-dt/inspire-imports">WarningTypeValue</identifier>
  <name>warning type</name>
  <dictionaryEntry>
    <Definition gml:id="_5684_8646">
      <identifier codeSpace="http://cnig.gouv.fr/star-dt/inspire-imports/WarningTypeValue">filet</identifier>
    </Definition>
  </dictionaryEntry>
  <dictionaryEntry>
    <Definition gml:id="_5684_8647">
      <identifier codeSpace="http://cnig.gouv.fr/star-dt/inspire-imports/WarningTypeValue">ruban</identifier>
    </Definition>
  </dictionaryEntry>
  <dictionaryEntry>
    <Definition gml:id="_5684_8648">
      <identifier codeSpace="http://cnig.gouv.fr/star-dt/inspire-imports/WarningTypeValue">pavage en béton</identifier>
    </Definition>
  </dictionaryEntry>
</Dictionary>
